{
  "name": "cosmotylv2",
  "vendorId": "0x6B68",
  "productId": "0x6B69",
  "keyboard": "handwired/cosmotylv2",
  "matrix": {
    "rows": 12,
    "cols": 14
  },
  "layouts": {
  "keymap": [
  [
    {
      "x": 3.33
    },
    "0,3",
    {
      "x": 8.64
    },
    "6,3"
  ],
  [
    {
      "y": -0.8500000000000001,
      "x": 14.1
    },
    "6,2"
  ],
  [
    {
      "y": -0.9999999999999999,
      "x": 2.2
    },
    "0,2"
  ],
  [
    {
      "y": -0.99,
      "x": 4.33
    },
    "0,4",
    {
      "x": 0.03000000000000025
    },
    "0,5",
    {
      "x": 4.589999999999999
    },
    "6,5",
    {
      "x": 0.02000000000000135
    },
    "6,4"
  ],
  [
    {
      "y": -0.33000000000000007,
      "x": 0.01
    },
    "0,0",
    {
      "x": 0.07000000000000006
    },
    "0,1",
    {
      "x": 13.14
    },
    "6,1",
    {
      "x": 0.08000000000000185
    },
    "6,0"
  ],
  [
    {
      "y": -0.78,
      "x": 3.44
    },
    "1,3",
    {
      "x": 8.42
    },
    "7,3"
  ],
  [
    {
      "y": -0.8500000000000001,
      "x": 2.27
    },
    "1,2",
    {
      "x": 10.76
    },
    "7,2"
  ],
  [
    {
      "y": -0.99,
      "x": 4.48
    },
    "1,4"
  ],
  [
    {
      "y": -1,
      "x": 11.82
    },
    "7,4"
  ],
  [
    {
      "y": -0.9900000000000002,
      "x": 10.76
    },
    "7,5"
  ],
  [
    {
      "y": -0.9999999999999998,
      "x": 5.54
    },
    "1,5"
  ],
  [
    {
      "y": -0.33000000000000007
    },
    "1,0",
    {
      "x": 0.1100000000000001
    },
    "1,1",
    {
      "x": 13.079999999999998
    },
    "7,1",
    {
      "x": 0.11000000000000298
    },
    "7,0"
  ],
  [
    {
      "y": -0.7000000000000002,
      "x": 3.48
    },
    "2,3",
    {
      "x": 8.34
    },
    "8,3"
  ],
  [
    {
      "y": -0.8599999999999999,
      "x": 2.3
    },
    "2,2",
    {
      "x": 10.71
    },
    "8,2"
  ],
  [
    {
      "y": -0.9899999999999998,
      "x": 4.53
    },
    "2,4",
    {
      "x": 6.239999999999999
    },
    "8,4"
  ],
  [
    {
      "y": -0.9900000000000002,
      "x": 5.6
    },
    "2,5",
    {
      "x": 4.1
    },
    "8,5"
  ],
  [
    {
      "y": -0.33000000000000007
    },
    "2,0",
    {
      "x": 0.1299999999999999
    },
    "2,1",
    {
      "x": 13.05
    },
    "8,1",
    {
      "x": 0.120000000000001
    },
    "8,0"
  ],
  [
    {
      "y": -0.69,
      "x": 3.44
    },
    "3,3"
  ],
  [
    {
      "y": -1,
      "x": 12.86
    },
    "9,3"
  ],
  [
    {
      "y": -0.8599999999999999,
      "x": 2.27
    },
    "3,2"
  ],
  [
    {
      "y": -1,
      "x": 14.03
    },
    "9,2"
  ],
  [
    {
      "y": -0.9900000000000002,
      "x": 4.48
    },
    "3,4",
    {
      "x": 6.34
    },
    "9,4"
  ],
  [
    {
      "y": -0.9900000000000002,
      "x": 5.54
    },
    "3,5",
    {
      "x": 4.2299999999999995
    },
    "9,5"
  ],
  [
    {
      "y": -0.33000000000000007
    },
    "3,0",
    {
      "x": 0.1100000000000001
    },
    "3,1",
    {
      "x": 13.079999999999998
    },
    "9,1",
    {
      "x": 0.11000000000000298
    },
    "9,0"
  ],
  [
    {
      "y": -0.7599999999999998,
      "x": 3.33
    },
    "4,3",
    {
      "x": 8.64
    },
    "10,3"
  ],
  [
    {
      "y": -0.8600000000000003,
      "x": 2.2
    },
    "4,2",
    {
      "x": 10.899999999999999
    },
    "10,2"
  ],
  [
    {
      "y": -0.8099999999999996,
      "x": 4.61
    },
    "4,4",
    {
      "x": 0.13999999999999968
    },
    "4,5",
    {
      "x": 0.15000000000000036
    },
    "4,6",
    {
      "x": 1.4499999999999993
    },
    "10,6",
    {
      "x": 0.15000000000000036
    },
    "10,5",
    {
      "x": 0.1899999999999995
    },
    "10,4"
  ],
  [
    {
      "y": 0.11999999999999922,
      "x": 5.75
    },
    "5,5",
    {
      "x": 0.15000000000000036
    },
    "5,6",
    {
      "x": 1.4499999999999993
    },
    "11,6",
    {
      "x": 0.15000000000000036
    },
    "11,5"
  ]
]
}
}
